"0","#Detach previous packages
lapply(names(sessionInfo()$loadedOnly), require, character.only = TRUE)
"
"2","Loading required package: nlme
"
"2","
Attaching package: ‘nlme’

"
"2","The following object is masked from ‘package:dplyr’:

    collapse

"
"2","Loading required package: fs
"
"2","Loading required package: lubridate
"
"2","
Attaching package: ‘lubridate’

"
"2","The following objects are masked from ‘package:data.table’:

    hour, isoweek, mday, minute, month, quarter, second, wday, week, yday, year

"
"2","The following objects are masked from ‘package:base’:

    date, intersect, setdiff, union

"
"2","Loading required package: insight
"
"2","
Attaching package: ‘insight’

"
"2","The following objects are masked from ‘package:sjmisc’:

    reshape_longer, to_numeric

"
"2","The following object is masked from ‘package:xtable’:

    display

"
"2","Loading required package: RColorBrewer
"
"2","Loading required package: httr
"
"2","Loading required package: backports
"
"2","Loading required package: sjlabelled
"
"2","
Attaching package: ‘sjlabelled’

"
"2","The following object is masked from ‘package:insight’:

    to_numeric

"
"2","The following objects are masked from ‘package:labelled’:

    copy_labels, remove_labels, to_character, to_factor, val_labels

"
"2","The following objects are masked from ‘package:haven’:

    as_factor, read_sas, read_spss, read_stata, write_sas, zap_labels

"
"2","The following object is masked from ‘package:forcats’:

    as_factor

"
"2","The following object is masked from ‘package:ggplot2’:

    as_label

"
"2","The following object is masked from ‘package:dplyr’:

    as_label

"
"2","Loading required package: utf8
"
"2","Loading required package: R6
"
"2","Loading required package: rpart
"
"2","Loading required package: DBI
"
"2","Loading required package: colorspace
"
"2","Loading required package: nnet
"
"2","Loading required package: withr
"
"2","
Attaching package: ‘withr’

"
"2","The following object is masked from ‘package:tools’:

    makevars_user

"
"2","Loading required package: gridExtra
"
"2","
Attaching package: ‘gridExtra’

"
"2","The following object is masked from ‘package:dplyr’:

    combine

"
"2","Loading required package: tidyselect
"
"2","Loading required package: mnormt
"
"2","Loading required package: curl
"
"2","Using libcurl 7.64.1 with Schannel
"
"2","
Attaching package: ‘curl’

"
"2","The following object is masked from ‘package:httr’:

    handle_reset

"
"2","The following object is masked from ‘package:readr’:

    parse_date

"
"2","Loading required package: extrafontdb
"
"2","Loading required package: cli
"
"2","
Attaching package: ‘cli’

"
"2","The following object is masked from ‘package:insight’:

    format_message

"
"2","Loading required package: rvest
"
"2","
Attaching package: ‘rvest’

"
"2","The following object is masked from ‘package:readr’:

    guess_encoding

"
"2","Loading required package: htmlTable
"
"2","Loading required package: xml2
"
"2","Loading required package: checkmate
"
"2","Loading required package: scales
"
"2","
Attaching package: ‘scales’

"
"2","The following objects are masked from ‘package:psych’:

    alpha, rescale

"
"2","The following object is masked from ‘package:purrr’:

    discard

"
"2","The following object is masked from ‘package:readr’:

    col_factor

"
"2","Loading required package: digest
"
"2","Loading required package: rio
"
"2","The following rio suggested packages are not installed: ‘arrow’, ‘feather’, ‘fst’, ‘hexView’, ‘pzfx’, ‘rmatio’
Use 'install_formats()' to install them
"
"2","
Attaching package: ‘rio’

"
"2","Loading required package: htmltools
"
"2","Loading required package: jpeg
"
"2","Loading required package: base64enc
"
"2","Loading required package: pkgconfig
"
"2","
Attaching package: ‘pkgconfig’

"
"2","The following object is masked from ‘package:httr’:

    set_config

"
"2","Loading required package: dbplyr
"
"2","
Attaching package: ‘dbplyr’

"
"2","The following objects are masked from ‘package:dplyr’:

    ident, sql

"
"2","Loading required package: htmlwidgets
"
"2","Loading required package: rlang
"
"2","
Attaching package: ‘rlang’

"
"2","The following object is masked from ‘package:xml2’:

    as_list

"
"2","The following objects are masked from ‘package:withr’:

    local_options, with_options

"
"2","The following objects are masked from ‘package:sjlabelled’:

    as_character, as_label

"
"2","The following object is masked from ‘package:sjmisc’:

    is_empty

"
"2","The following object is masked from ‘package:data.table’:

    :=

"
"2","The following object is masked from ‘package:magrittr’:

    set_names

"
"2","The following objects are masked from ‘package:purrr’:

    %@%, as_function, flatten, flatten_chr, flatten_dbl, flatten_int, flatten_lgl, flatten_raw,
    invoke, list_along, modify, prepend, splice

"
"2","Loading required package: readxl
"
"2","Loading required package: rstudioapi
"
"2","Loading required package: generics
"
"2","
Attaching package: ‘generics’

"
"2","The following object is masked from ‘package:rpart’:

    prune

"
"2","The following object is masked from ‘package:lubridate’:

    as.difftime

"
"2","The following object is masked from ‘package:dplyr’:

    explain

"
"2","The following object is masked from ‘package:compiler’:

    compile

"
"2","The following objects are masked from ‘package:base’:

    as.difftime, as.factor, as.ordered, intersect, is.element, setdiff, setequal, union

"
"2","Loading required package: jsonlite
"
"2","
Attaching package: ‘jsonlite’

"
"2","The following objects are masked from ‘package:rlang’:

    flatten, unbox

"
"2","The following object is masked from ‘package:purrr’:

    flatten

"
"2","Loading required package: zip
"
"2","
Attaching package: ‘zip’

"
"2","The following objects are masked from ‘package:utils’:

    unzip, zip

"
"2","Loading required package: Matrix
"
"2","
Attaching package: ‘Matrix’

"
"2","The following objects are masked from ‘package:tidyr’:

    expand, pack, unpack

"
"2","Loading required package: Rcpp
"
"2","Loading required package: munsell
"
"2","
Attaching package: ‘munsell’

"
"2","The following object is masked from ‘package:colorspace’:

    desaturate

"
"2","Loading required package: fansi
"
"2","Loading required package: abind
"
"2","Loading required package: lifecycle
"
"2","Loading required package: stringi
"
"2","Loading required package: grid
"
"2","Loading required package: parallel
"
"2","Loading required package: crayon
"
"2","
Attaching package: ‘crayon’

"
"2","The following object is masked from ‘package:rlang’:

    chr

"
"2","The following object is masked from ‘package:cli’:

    num_ansi_colors

"
"2","The following object is masked from ‘package:psych’:

    %+%

"
"2","The following object is masked from ‘package:ggplot2’:

    %+%

"
"2","Loading required package: splines
"
"2","Loading required package: hms
"
"2","
Attaching package: ‘hms’

"
"2","The following object is masked from ‘package:lubridate’:

    hms

"
"2","Loading required package: tmvnsim
"
"2","Loading required package: knitr
"
"2","Loading required package: pillar
"
"2","
Attaching package: ‘pillar’

"
"2","The following object is masked from ‘package:cli’:

    style_bold

"
"2","The following object is masked from ‘package:xtable’:

    align

"
"2","The following object is masked from ‘package:dplyr’:

    dim_desc

"
"2","Loading required package: reprex
"
"2","Loading required package: glue
"
"2","
Attaching package: ‘glue’

"
"2","The following object is masked from ‘package:nlme’:

    collapse

"
"2","The following object is masked from ‘package:sjmisc’:

    trim

"
"2","The following object is masked from ‘package:dplyr’:

    collapse

"
"2","Loading required package: evaluate
"
"2","
Attaching package: ‘evaluate’

"
"2","The following object is masked from ‘package:generics’:

    evaluate

"
"2","Loading required package: latticeExtra
"
"2","
Attaching package: ‘latticeExtra’

"
"2","The following object is masked from ‘package:ggplot2’:

    layer

"
"2","Loading required package: modelr
"
"2","Loading required package: vctrs
"
"2","
Attaching package: ‘vctrs’

"
"2","The following object is masked from ‘package:tibble’:

    data_frame

"
"2","The following object is masked from ‘package:dplyr’:

    data_frame

"
"2","Loading required package: png
"
"2","Loading required package: Rttf2pt1
"
"2","Loading required package: cellranger
"
"2","Loading required package: gtable
"
"2","Loading required package: assertthat
"
"2","
Attaching package: ‘assertthat’

"
"2","The following object is masked from ‘package:evaluate’:

    is.error

"
"2","The following object is masked from ‘package:rlang’:

    has_name

"
"2","The following object is masked from ‘package:tibble’:

    has_name

"
"2","Loading required package: xfun
"
"2","
Attaching package: ‘xfun’

"
"2","The following object is masked from ‘package:cli’:

    tree

"
"2","The following objects are masked from ‘package:fs’:

    dir_create, dir_exists, file_exists

"
"2","The following objects are masked from ‘package:tools’:

    file_ext, Rcmd

"
"2","The following objects are masked from ‘package:base’:

    attr, isFALSE

"
"2","Loading required package: openxlsx
"
"2","Loading required package: broom
"
"2","
Attaching package: ‘broom’

"
"2","The following object is masked from ‘package:modelr’:

    bootstrap

"
"2","Loading required package: cluster
"
"2","Loading required package: ellipsis
"
"1","[[1]]
"
"1","[1]"
"1"," TRUE"
"1","
"
"1","
"
"1","[[2]]
"
"1","[1]"
"1"," TRUE"
"1","
"
"1","
"
"1","[[3]]
"
"1","[1]"
"1"," TRUE"
"1","
"
"1","
"
"1","[[4]]
"
"1","[1]"
"1"," TRUE"
"1","
"
"1","
"
"1","[[5]]
"
"1","[1]"
"1"," TRUE"
"1","
"
"1","
"
"1","[[6]]
"
"1","[1]"
"1"," TRUE"
"1","
"
"1","
"
"1","[[7]]
"
"1","[1]"
"1"," TRUE"
"1","
"
"1","
"
"1","[[8]]
"
"1","[1]"
"1"," TRUE"
"1","
"
"1","
"
"1","[[9]]
"
"1","[1]"
"1"," TRUE"
"1","
"
"1","
"
"1","[[10]]
"
"1","[1]"
"1"," TRUE"
"1","
"
"1","
"
"1","[[11]]
"
"1","[1]"
"1"," TRUE"
"1","
"
"1","
"
"1","[[12]]
"
"1","[1]"
"1"," TRUE"
"1","
"
"1","
"
"1","[[13]]
"
"1","[1]"
"1"," TRUE"
"1","
"
"1","
"
"1","[[14]]
"
"1","[1]"
"1"," TRUE"
"1","
"
"1","
"
"1","[[15]]
"
"1","[1]"
"1"," TRUE"
"1","
"
"1","
"
"1","[[16]]
"
"1","[1]"
"1"," TRUE"
"1","
"
"1","
"
"1","[[17]]
"
"1","[1]"
"1"," TRUE"
"1","
"
"1","
"
"1","[[18]]
"
"1","[1]"
"1"," TRUE"
"1","
"
"1","
"
"1","[[19]]
"
"1","[1]"
"1"," TRUE"
"1","
"
"1","
"
"1","[[20]]
"
"1","[1]"
"1"," TRUE"
"1","
"
"1","
"
"1","[[21]]
"
"1","[1]"
"1"," TRUE"
"1","
"
"1","
"
"1","[[22]]
"
"1","[1]"
"1"," TRUE"
"1","
"
"1","
"
"1","[[23]]
"
"1","[1]"
"1"," TRUE"
"1","
"
"1","
"
"1","[[24]]
"
"1","[1]"
"1"," TRUE"
"1","
"
"1","
"
"1","[[25]]
"
"1","[1]"
"1"," TRUE"
"1","
"
"1","
"
"1","[[26]]
"
"1","[1]"
"1"," TRUE"
"1","
"
"1","
"
"1","[[27]]
"
"1","
"
"1","
"
"1","[[28]]
"
"1","[1]"
"1"," TRUE"
"1","
"
"1","
"
"1","[[29]]
"
"1","[1]"
"1"," TRUE"
"1","
"
"1","
"
"1","[[30]]
"
"1","[1]"
"1"," TRUE"
"1","
"
"1","
"
"1","[[31]]
"
"1","[1]"
"1"," TRUE"
"1","
"
"1","
"
"1","[[32]]
"
"1","[1]"
"1"," TRUE"
"1","
"
"1","
"
"1","[[33]]
"
"1","[1]"
"1"," TRUE"
"1","
"
"1","
"
"1","[[34]]
"
"1","[1]"
"1"," TRUE"
"1","
"
"1","
"
"1","[[35]]
"
"1","[1]"
"1"," TRUE"
"1","
"
"1","
"
"1","[[36]]
"
"1","[1]"
"1"," TRUE"
"1","
"
"1","
"
"1","[[37]]
"
"1","[1]"
"1"," TRUE"
"1","
"
"1","
"
"1","[[38]]
"
"1","[1]"
"1"," TRUE"
"1","
"
"1","
"
"1","[[39]]
"
"1","[1]"
"1"," TRUE"
"1","
"
"1","
"
"1","[[40]]
"
"1","[1]"
"1"," TRUE"
"1","
"
"1","
"
"1","[[41]]
"
"1","[1]"
"1"," TRUE"
"1","
"
"1","
"
"1","[[42]]
"
"1","[1]"
"1"," TRUE"
"1","
"
"1","
"
"1","[[43]]
"
"1","[1]"
"1"," TRUE"
"1","
"
"1","
"
"1","[[44]]
"
"1","[1]"
"1"," TRUE"
"1","
"
"1","
"
"1","[[45]]
"
"1","[1]"
"1"," TRUE"
"1","
"
"1","
"
"1","[[46]]
"
"1","[1]"
"1"," TRUE"
"1","
"
"1","
"
"1","[[47]]
"
"1","[1]"
"1"," TRUE"
"1","
"
"1","
"
"1","[[48]]
"
"1","[1]"
"1"," TRUE"
"1","
"
"1","
"
"1","[[49]]
"
"1","[1]"
"1"," TRUE"
"1","
"
"1","
"
"1","[[50]]
"
"1","[1]"
"1"," TRUE"
"1","
"
"1","
"
"1","[[51]]
"
"1","[1]"
"1"," TRUE"
"1","
"
"1","
"
"1","[[52]]
"
"1","[1]"
"1"," TRUE"
"1","
"
"1","
"
"1","[[53]]
"
"1","[1]"
"1"," TRUE"
"1","
"
"1","
"
"1","[[54]]
"
"1","[1]"
"1"," TRUE"
"1","
"
"1","
"
"1","[[55]]
"
"1","[1]"
"1"," TRUE"
"1","
"
"1","
"
"1","[[56]]
"
"1","[1]"
"1"," TRUE"
"1","
"
"1","
"
"1","[[57]]
"
"1","[1]"
"1"," TRUE"
"1","
"
"1","
"
"1","[[58]]
"
"1","[1]"
"1"," TRUE"
"1","
"
"1","
"
"1","[[59]]
"
"1","[1]"
"1"," TRUE"
"1","
"
"1","
"
"1","[[60]]
"
"1","[1]"
"1"," TRUE"
"1","
"
"1","
"
"1","[[61]]
"
"1","[1]"
"1"," TRUE"
"1","
"
"1","
"
"1","[[62]]
"
"1","[1]"
"1"," TRUE"
"1","
"
"1","
"
"1","[[63]]
"
"1","[1]"
"1"," TRUE"
"1","
"
"1","
"
"1","[[64]]
"
"1","[1]"
"1"," TRUE"
"1","
"
"1","
"
"1","[[65]]
"
"1","[1]"
"1"," TRUE"
"1","
"
"1","
"
"1","[[66]]
"
"1","[1]"
"1"," TRUE"
"1","
"
"1","
"
"1","[[67]]
"
"1","[1]"
"1"," TRUE"
"1","
"
"1","
"
"1","[[68]]
"
"1","[1]"
"1"," TRUE"
"1","
"
"1","
"
"1","[[69]]
"
"1","[1]"
"1"," TRUE"
"1","
"
"1","
"
"1","[[70]]
"
"1","[1]"
"1"," TRUE"
"1","
"
"1","
"
"1","[[71]]
"
"1","[1]"
"1"," TRUE"
"1","
"
"1","
"
